                  epoch,         train/box_loss,         train/cls_loss,         train/dfl_loss,   metrics/precision(B),      metrics/recall(B),       metrics/mAP50(B),    metrics/mAP50-95(B),           val/box_loss,           val/cls_loss,           val/dfl_loss,                 lr/pg0,                 lr/pg1,                 lr/pg2
                      1,                 1.1811,                  1.943,                 1.4197,                0.55302,                 0.7675,                0.80931,                0.55544,                0.92482,                 1.2547,                 1.2883,               0.067074,             0.00033258,             0.00033258
                      2,                 1.1249,                 1.5767,                 1.3993,                0.94445,                0.93438,                0.97802,                0.74788,                0.74545,                0.69485,                 1.1362,               0.033942,             0.00053406,             0.00053406
                      3,                 1.0661,                 1.4671,                 1.3666,                0.94542,                0.98682,                0.98206,                 0.8103,                 0.6117,                0.50491,                 1.0651,             0.00067862,             0.00060355,             0.00060355
                      4,                 0.9977,                 1.3679,                 1.3321,                0.96319,                0.98266,                0.98801,                0.85319,                0.54757,                   0.45,                 1.0387,               0.000406,               0.000406,               0.000406
                      5,                0.90857,                 1.2515,                 1.2817,                0.96657,                  0.975,                0.98624,                 0.8809,                0.45323,                0.37498,                0.97324,               0.000208,               0.000208,               0.000208
