                  epoch,         train/box_loss,         train/cls_loss,         train/dfl_loss,   metrics/precision(B),      metrics/recall(B),       metrics/mAP50(B),    metrics/mAP50-95(B),           val/box_loss,           val/cls_loss,           val/dfl_loss,                 lr/pg0,                 lr/pg1,                 lr/pg2
                      1,                 2.0521,                 3.7569,                 2.1378,                0.27031,                   0.14,                0.12305,                0.03489,                 2.3398,                 2.7953,                 2.5082,                  0.089,                  0.011,                  0.011
                      2,                 1.7488,                 2.1069,                 1.8565,                0.32271,                   0.14,                0.17774,                  0.057,                 2.6854,                 2.5439,                 3.1184,               0.073045,               0.018045,               0.018045
                      3,                 1.8553,                 2.1159,                 1.9714,                0.19268,                   0.35,                0.10715,                 0.0203,                 3.2019,                 11.846,                 4.0191,               0.052536,               0.020536,               0.020536
                      4,                 2.0175,                  1.924,                  1.922,                0.00057,                   0.02,                 0.0003,                  9e-05,                  3.625,                 6.7614,                 4.1585,               0.027473,               0.018473,               0.018473
                      5,                 1.9682,                 1.9402,                  1.958,                0.00057,                   0.02,                 0.0003,                  9e-05,                 4.3153,                 5.1541,                 4.4482,                 0.0104,                 0.0104,                 0.0104
