                  epoch,         train/box_loss,         train/cls_loss,         train/dfl_loss,   metrics/precision(B),      metrics/recall(B),       metrics/mAP50(B),    metrics/mAP50-95(B),           val/box_loss,           val/cls_loss,           val/dfl_loss,                 lr/pg0,                 lr/pg1,                 lr/pg2
                      1,                  1.429,                 3.3192,                 1.6048,                0.39541,                 0.6525,                0.43171,                0.27827,                0.91703,                 1.8852,                 1.3352,               0.066775,             3.3258e-05,             3.3258e-05
                      2,                 1.1675,                 2.3752,                 1.4369,                0.55424,                0.87364,                0.68067,                0.51019,                0.68672,                 1.1928,                 1.1686,               0.033462,             5.3406e-05,             5.3406e-05
                      3,                 1.0522,                 1.9587,                 1.3679,                0.73914,                0.84672,                 0.8181,                0.66669,                0.58787,                0.93112,                 1.0846,             0.00013543,             6.0355e-05,             6.0355e-05
                      4,                0.98642,                 1.7358,                 1.3225,                0.82434,                0.87856,                0.92562,                0.77377,                0.53449,                0.73588,                 1.0541,               4.06e-05,               4.06e-05,               4.06e-05
                      5,                0.96469,                 1.6332,                 1.3075,                0.86947,                0.89122,                0.94603,                0.80571,                0.50973,                0.68222,                 1.0306,               2.08e-05,               2.08e-05,               2.08e-05
