                  epoch,         train/box_loss,         train/cls_loss,         train/dfl_loss,   metrics/precision(B),      metrics/recall(B),       metrics/mAP50(B),    metrics/mAP50-95(B),           val/box_loss,           val/cls_loss,           val/dfl_loss,                 lr/pg0,                 lr/pg1,                 lr/pg2
                      1,                  1.563,                 3.4993,                 1.6926,                0.00253,                   0.48,                0.00937,                0.00252,                 3.0564,                 3.7014,                 3.0439,               0.079105,               0.000105,               0.000105
                      2,                 1.1736,                 1.3976,                  1.395,                0.28586,                   0.47,                0.20556,                 0.0662,                 2.2062,                 4.0897,                 2.5987,               0.057172,             0.00017243,             0.00017243
                      3,                 1.0161,                 1.0226,                 1.2724,                0.74616,                0.79323,                0.82037,                 0.5927,                0.93308,                 1.0059,                  1.434,               0.035196,              0.0001963,              0.0001963
                      4,                0.98684,                0.87288,                  1.276,                0.95945,                0.97774,                0.97753,                0.75213,                0.67818,                0.50569,                 1.1721,               0.013177,             0.00017661,             0.00017661
                      5,                0.94199,                0.84086,                  1.261,                0.98512,                   0.99,                0.97924,                0.77931,                0.63104,                0.44799,                 1.1474,               0.000104,               0.000104,               0.000104
