                  epoch,         train/box_loss,         train/cls_loss,         train/dfl_loss,   metrics/precision(B),      metrics/recall(B),       metrics/mAP50(B),    metrics/mAP50-95(B),           val/box_loss,           val/cls_loss,           val/dfl_loss,                 lr/pg0,                 lr/pg1,                 lr/pg2
                      1,                 1.1917,                 1.7912,                 1.4474,                0.84436,                 0.8775,                 0.8874,                0.66795,                0.77948,                0.79299,                  1.185,               0.067074,             0.00033258,             0.00033258
                      2,                 1.1666,                  1.589,                 1.4537,                0.84894,                 0.9032,                0.93831,                0.73004,                0.73567,                0.74283,                 1.1539,               0.033942,             0.00053406,             0.00053406
                      3,                 1.1145,                 1.4865,                 1.4156,                0.93393,                   0.95,                0.97169,                0.75292,                0.76382,                0.61192,                 1.2016,             0.00067862,             0.00060355,             0.00060355
                      4,                 1.0097,                 1.3642,                 1.3537,                0.97885,                0.97776,                0.98948,                0.85185,                 0.5307,                0.40691,                 1.0338,               0.000406,               0.000406,               0.000406
                      5,                0.91578,                 1.2379,                  1.298,                0.97222,                  0.975,                0.98954,                0.88932,                0.43208,                0.38295,                 0.9756,               0.000208,               0.000208,               0.000208
