                  epoch,         train/box_loss,         train/cls_loss,         train/dfl_loss,   metrics/precision(B),      metrics/recall(B),       metrics/mAP50(B),    metrics/mAP50-95(B),           val/box_loss,           val/cls_loss,           val/dfl_loss,                 lr/pg0,                 lr/pg1,                 lr/pg2
                      1,                 2.2674,                 4.4017,                 2.7714,                 0.6923,                 0.7675,                0.79057,                0.64033,                  1.351,                 1.7679,                 2.2207,               0.066908,             0.00016629,             0.00016629
                      2,                  2.139,                 3.4051,                 2.6901,                0.86093,                0.86702,                 0.9337,                0.76198,                 1.1925,                 1.1394,                 2.1136,               0.033675,             0.00026703,             0.00026703
                      3,                 2.0606,                 3.1354,                   2.64,                  0.849,                0.91185,                0.95232,                0.75671,                 1.2625,                 1.0173,                 2.1728,             0.00037685,             0.00030177,             0.00030177
                      4,                 1.9277,                 2.8908,                 2.5711,                0.91905,                   0.94,                0.97085,                0.83871,                 1.0127,                  0.761,                 2.0358,               0.000203,               0.000203,               0.000203
                      5,                 1.7908,                 2.6871,                 2.4897,                0.92431,                   0.95,                0.97707,                0.87311,                0.87023,                0.68732,                 1.9278,               0.000104,               0.000104,               0.000104
