                  epoch,         train/box_loss,         train/cls_loss,         train/dfl_loss,   metrics/precision(B),      metrics/recall(B),       metrics/mAP50(B),    metrics/mAP50-95(B),           val/box_loss,           val/cls_loss,           val/dfl_loss,                 lr/pg0,                 lr/pg1,                 lr/pg2
                      1,                  1.648,                 2.3595,                 1.7969,                0.37127,                 0.5625,                0.37253,                0.17554,                 1.6937,                 3.1435,                 1.9228,               0.070068,              0.0033258,              0.0033258
                      2,                 1.5646,                 2.1566,                 1.7358,                0.43093,                 0.7525,                0.43778,                0.24936,                  1.378,                 1.5156,                 1.7352,               0.038749,              0.0053406,              0.0053406
                      3,                 1.4338,                 1.9822,                 1.6271,                0.46039,                0.88114,                0.52833,                0.34734,                 1.0421,                 1.3337,                 1.3651,              0.0061105,              0.0060355,              0.0060355
                      4,                 1.2888,                  1.833,                   1.53,                0.46526,                  0.925,                0.57042,                0.40605,                0.93052,                 1.1426,                 1.3382,                0.00406,                0.00406,                0.00406
                      5,                 1.1419,                 1.6847,                 1.4375,                0.49046,                0.97453,                0.59467,                0.48931,                0.62652,                 1.0078,                  1.082,                0.00208,                0.00208,                0.00208
