                  epoch,         train/box_loss,         train/cls_loss,         train/dfl_loss,   metrics/precision(B),      metrics/recall(B),       metrics/mAP50(B),    metrics/mAP50-95(B),           val/box_loss,           val/cls_loss,           val/dfl_loss,                 lr/pg0,                 lr/pg1,                 lr/pg2
                      1,                 1.8753,                 4.2825,                 1.8913,                0.02855,                   0.52,                0.02943,                0.00701,                 3.1774,                 374.05,                 4.3637,                0.08005,                0.00105,                0.00105
                      2,                 1.9092,                 2.3935,                 1.8966,                  3e-05,                   0.01,                  2e-05,                      0,                 3.3718,                    inf,                 439.08,               0.058724,              0.0017243,              0.0017243
                      3,                 1.7924,                 1.8802,                 1.7402,                0.00021,                   0.06,                0.00012,                  1e-05,                 2.9518,                    inf,                  22.35,               0.036963,               0.001963,               0.001963
                      4,                 1.6225,                 1.8024,                 1.6559,                 0.0222,                   0.67,                0.02036,                0.00601,                 3.2498,                  371.3,                 10.218,               0.014766,              0.0017661,              0.0017661
                      5,                 1.4567,                 1.6252,                 1.5084,                0.30339,                   0.76,                0.40223,                 0.1841,                 1.8961,                 12.259,                 3.1167,                0.00104,                0.00104,                0.00104
