                  epoch,         train/box_loss,         train/cls_loss,         train/dfl_loss,   metrics/precision(B),      metrics/recall(B),       metrics/mAP50(B),    metrics/mAP50-95(B),           val/box_loss,           val/cls_loss,           val/dfl_loss,                 lr/pg0,                 lr/pg1,                 lr/pg2
                      1,                  2.748,                 4.7339,                 2.7348,                0.50274,                   0.03,                0.00027,                  7e-05,                   3.85,                 29.581,                 6.3751,                0.07815,                0.00115,                0.00115
                      2,                 2.5276,                 3.2797,                 2.6133,                0.50274,                   0.03,                0.00027,                  7e-05,                    nan,                    nan,                    nan,               0.054885,              0.0018847,              0.0018847
                      3,                 2.4594,                  3.004,                 2.5959,                0.50274,                   0.03,                0.00027,                  7e-05,                    nan,                    nan,                    nan,               0.031144,              0.0021442,              0.0021442
                      4,                  2.441,                 3.0222,                 2.6426,                0.50274,                   0.03,                0.00027,                  7e-05,                 1.9985,                 1973.2,                 7.1286,              0.0069285,              0.0019285,              0.0019285
                      5,                 2.3631,                 2.9349,                 2.5985,                0.03307,                   0.09,                0.02231,                0.00572,                 3.2007,                 3.5924,                 4.1101,                0.00104,                0.00104,                0.00104
