                  epoch,         train/box_loss,         train/cls_loss,         train/dfl_loss,   metrics/precision(B),      metrics/recall(B),       metrics/mAP50(B),    metrics/mAP50-95(B),           val/box_loss,           val/cls_loss,           val/dfl_loss,                 lr/pg0,                 lr/pg1,                 lr/pg2
                      1,                 4.2031,                 6.1692,                 4.3711,                0.21573,                0.20934,                0.14724,                0.04299,                  5.443,                 6.4115,                  8.525,               0.083371,               0.016629,               0.016629
                      2,                  3.769,                 5.2272,                 3.9396,                0.28224,                 0.4625,                0.27255,                0.08963,                 4.2856,                 4.0292,                 5.0147,               0.060112,               0.026703,               0.026703
                      3,                 3.4523,                 4.8008,                 3.5985,                0.40538,                  0.713,                0.44222,                0.23259,                 2.7729,                 2.8792,                 3.3417,               0.030252,               0.030177,               0.030177
                      4,                 3.1822,                 4.4215,                 3.3562,                0.43641,                   0.71,                0.47255,                0.32906,                 1.9089,                 2.6976,                 2.5947,                 0.0203,                 0.0203,                 0.0203
                      5,                 2.9373,                 4.1315,                  3.182,                0.45699,                 0.7819,                0.51881,                 0.3522,                 2.0309,                 2.2941,                 2.7064,                 0.0104,                 0.0104,                 0.0104
