                  epoch,         train/box_loss,         train/cls_loss,         train/dfl_loss,   metrics/precision(B),      metrics/recall(B),       metrics/mAP50(B),    metrics/mAP50-95(B),           val/box_loss,           val/cls_loss,           val/dfl_loss,                 lr/pg0,                 lr/pg1,                 lr/pg2
                      1,                 1.4604,                 2.1985,                 1.6501,                0.27845,                   0.44,                 0.3013,                0.13616,                 2.1477,                 6.1063,                 2.7311,               0.068405,              0.0016629,              0.0016629
                      2,                   1.44,                 2.0254,                 1.6424,                0.31545,                  0.775,                0.37164,                0.17427,                 1.5588,                 1.7951,                  1.837,               0.036079,              0.0026703,              0.0026703
                      3,                 1.3218,                 1.8582,                 1.5607,                 0.5079,                    0.9,                0.59432,                0.46512,                0.80029,                 1.0783,                 1.2064,              0.0030928,              0.0030177,              0.0030177
                      4,                 1.1903,                 1.7276,                 1.4739,                 0.7487,                 0.8827,                0.87154,                0.65725,                0.78131,                0.90216,                 1.1967,                0.00203,                0.00203,                0.00203
                      5,                 1.0854,                   1.58,                 1.4032,                0.78016,                  0.835,                0.87303,                0.72597,                0.60435,                0.81777,                 1.0859,                0.00104,                0.00104,                0.00104
