                  epoch,         train/box_loss,         train/cls_loss,         train/dfl_loss,   metrics/precision(B),      metrics/recall(B),       metrics/mAP50(B),    metrics/mAP50-95(B),           val/box_loss,           val/cls_loss,           val/dfl_loss,                 lr/pg0,                 lr/pg1,                 lr/pg2
                      1,                 1.3379,                 2.9625,                 1.5474,                0.54478,                 0.8775,                0.66584,                 0.4988,                 0.7345,                 1.1845,                 1.2196,               0.066908,             0.00016629,             0.00016629
                      2,                 1.0063,                 1.7707,                 1.3422,                0.87749,                 0.8775,                0.95097,                0.78143,                0.55205,                0.63614,                 1.0732,               0.033675,             0.00026703,             0.00026703
                      3,                0.89884,                 1.4035,                 1.2679,                0.94055,                0.93729,                 0.9816,                0.84509,                0.47936,                0.45017,                 1.0184,             0.00037685,             0.00030177,             0.00030177
                      4,                0.83722,                 1.2615,                 1.2281,                0.95569,                0.94278,                0.98471,                0.88478,                0.41202,                0.36774,                0.97555,               0.000203,               0.000203,               0.000203
                      5,                 0.8188,                 1.1952,                 1.2158,                 0.9444,                0.98521,                  0.991,                0.90752,                0.36961,                0.32808,                0.91943,               0.000104,               0.000104,               0.000104
