                  epoch,         train/box_loss,         train/cls_loss,         train/dfl_loss,   metrics/precision(B),      metrics/recall(B),       metrics/mAP50(B),    metrics/mAP50-95(B),           val/box_loss,           val/cls_loss,           val/dfl_loss,                 lr/pg0,                 lr/pg1,                 lr/pg2
                      1,                 1.1056,                 2.0434,                 1.3648,                0.69719,                 0.8904,                0.84892,                0.69572,                0.64759,                 1.2158,                 1.1067,               0.066775,             3.3258e-05,             3.3258e-05
                      2,                0.97374,                 1.5533,                 1.2976,                0.94718,                 0.9375,                0.97751,                0.81199,                 0.5482,                0.62231,                 1.0637,               0.033462,             5.3406e-05,             5.3406e-05
                      3,                0.90485,                 1.3997,                 1.2533,                0.95127,                   0.93,                0.98172,                0.85612,                0.47238,                0.52932,                0.98539,             0.00013543,             6.0355e-05,             6.0355e-05
                      4,                0.85887,                 1.3176,                 1.2273,                0.83293,                0.92653,                0.98172,                0.88375,                0.41481,                0.59125,                0.94815,               4.06e-05,               4.06e-05,               4.06e-05
                      5,                0.83812,                 1.2719,                 1.2117,                0.97823,                0.96692,                 0.9902,                0.89914,                0.40842,                0.41424,                0.94002,               2.08e-05,               2.08e-05,               2.08e-05
