                  epoch,         train/box_loss,         train/cls_loss,         train/dfl_loss,   metrics/precision(B),      metrics/recall(B),       metrics/mAP50(B),    metrics/mAP50-95(B),           val/box_loss,           val/cls_loss,           val/dfl_loss,                 lr/pg0,                 lr/pg1,                 lr/pg2
                      1,                 3.0192,                 15.438,                 2.9118,                      0,                      0,                      0,                      0,                    nan,                    nan,                    nan,                 0.0885,                 0.0115,                 0.0115
                      2,                 2.8849,                 4.1087,                 2.9907,                      0,                      0,                      0,                      0,                    nan,                    nan,                    nan,               0.071847,               0.018847,               0.018847
                      3,                 2.7274,                 4.0172,                 2.9778,                      0,                      0,                      0,                      0,                    nan,                    nan,                    nan,               0.050442,               0.021442,               0.021442
                      4,                 2.6653,                 3.9635,                 2.8923,                      0,                      0,                      0,                      0,                    nan,                    nan,                    nan,               0.024285,               0.019285,               0.019285
                      5,                 2.6715,                 3.7581,                 2.9313,                0.00034,                   0.03,                0.00017,                  2e-05,                    nan,                    nan,                    nan,                 0.0104,                 0.0104,                 0.0104
