                  epoch,         train/box_loss,         train/cls_loss,         train/dfl_loss,   metrics/precision(B),      metrics/recall(B),       metrics/mAP50(B),    metrics/mAP50-95(B),           val/box_loss,           val/cls_loss,           val/dfl_loss,                 lr/pg0,                 lr/pg1,                 lr/pg2
                      1,                 1.1492,                 1.9746,                 1.3959,                0.91501,                  0.945,                0.97213,                0.75388,                0.69208,                0.71925,                 1.1527,               0.066908,             0.00016629,             0.00016629
                      2,                 1.0491,                 1.5248,                 1.3456,                0.82784,                0.86206,                0.92082,                0.70217,                0.73017,                  0.815,                 1.1517,               0.033675,             0.00026703,             0.00026703
                      3,                  0.987,                 1.3966,                 1.3097,                0.81804,                0.91487,                0.98216,                0.84654,                0.52127,                0.63317,                0.99147,             0.00037685,             0.00030177,             0.00030177
                      4,                0.92393,                 1.2913,                 1.2728,                0.96515,                0.98573,                0.98914,                0.86589,                0.50463,                0.40071,                 1.0163,               0.000203,               0.000203,               0.000203
                      5,                0.86399,                 1.1979,                  1.235,                0.97621,                0.98863,                  0.992,                0.91087,                0.39707,                0.34959,                0.93749,               0.000104,               0.000104,               0.000104
