                  epoch,         train/box_loss,         train/cls_loss,         train/dfl_loss,   metrics/precision(B),      metrics/recall(B),       metrics/mAP50(B),    metrics/mAP50-95(B),           val/box_loss,           val/cls_loss,           val/dfl_loss,                 lr/pg0,                 lr/pg1,                 lr/pg2
                      1,                 2.6281,                 4.5545,                  2.726,                0.00325,                   0.65,                0.00796,                0.00193,                  2.978,                 3.7754,                 3.8166,               0.077115,               0.000115,               0.000115
                      2,                 2.1918,                  3.054,                 2.4626,                0.57373,                   0.03,                  0.045,                0.01188,                 2.5416,                   3.42,                 3.2714,               0.053188,             0.00018847,             0.00018847
                      3,                 2.1619,                 2.8519,                  2.493,                0.14728,                   0.12,                0.12646,                0.03235,                 2.4389,                 2.7244,                  3.388,               0.029214,             0.00021442,             0.00021442
                      4,                 2.1797,                 2.7684,                  2.528,                0.19751,                0.38814,                0.14626,                 0.0362,                 2.3617,                 2.7613,                 3.1079,              0.0051928,             0.00019285,             0.00019285
                      5,                 2.1183,                 2.6311,                 2.4939,                0.17972,                   0.37,                0.14941,                0.03892,                 2.4424,                 2.5192,                  3.086,               0.000104,               0.000104,               0.000104
