                  epoch,         train/box_loss,         train/cls_loss,         train/dfl_loss,   metrics/precision(B),      metrics/recall(B),       metrics/mAP50(B),    metrics/mAP50-95(B),           val/box_loss,           val/cls_loss,           val/dfl_loss,                 lr/pg0,                 lr/pg1,                 lr/pg2
                      1,                 1.0934,                 1.7005,                 1.4014,                0.88433,                   0.89,                0.94984,                0.75349,                0.68616,                0.65757,                 1.1608,               0.066908,             0.00016629,             0.00016629
                      2,                 1.0314,                 1.4335,                 1.3738,                0.93346,                0.94956,                0.97599,                0.82025,                0.54743,                0.51942,                 1.0346,               0.033675,             0.00026703,             0.00026703
                      3,                0.98656,                 1.3542,                 1.3411,                0.92803,                0.96623,                0.97502,                0.80645,                0.59498,                0.47147,                 1.0633,             0.00037685,             0.00030177,             0.00030177
                      4,                0.91844,                 1.2413,                 1.2949,                0.97601,                0.95916,                0.98725,                0.85296,                0.50466,                0.38424,                 1.0286,               0.000203,               0.000203,               0.000203
                      5,                0.84076,                 1.1263,                 1.2494,                0.95586,                0.97734,                0.98715,                0.89181,                0.42107,                0.33894,                0.97034,               0.000104,               0.000104,               0.000104
