                  epoch,         train/box_loss,         train/cls_loss,         train/dfl_loss,   metrics/precision(B),      metrics/recall(B),       metrics/mAP50(B),    metrics/mAP50-95(B),           val/box_loss,           val/cls_loss,           val/dfl_loss,                 lr/pg0,                 lr/pg1,                 lr/pg2
                      1,                 2.8544,                 6.4831,                 2.8196,                      0,                      0,                      0,                      0,                    nan,                    nan,                    nan,                 0.0793,                 0.0023,                 0.0023
                      2,                 2.7348,                 3.5605,                  2.773,                      0,                      0,                      0,                      0,                    nan,                    nan,                    nan,               0.056769,              0.0037694,              0.0037694
                      3,                 2.5988,                 3.2981,                 2.7032,                      0,                      0,                      0,                      0,                    nan,                    nan,                    nan,               0.033288,              0.0042884,              0.0042884
                      4,                 2.5701,                 3.2163,                 2.7249,                0.00488,                   0.04,                0.00175,                0.00047,                    nan,                    nan,                    nan,               0.008857,               0.003857,               0.003857
                      5,                 2.5076,                 3.1283,                 2.7101,                0.01168,                   0.09,                0.01695,                 0.0054,                 2.5669,                 4.8152,                 2.8837,                0.00208,                0.00208,                0.00208
