                  epoch,         train/box_loss,         train/cls_loss,         train/dfl_loss,   metrics/precision(B),      metrics/recall(B),       metrics/mAP50(B),    metrics/mAP50-95(B),           val/box_loss,           val/cls_loss,           val/dfl_loss,                 lr/pg0,                 lr/pg1,                 lr/pg2
                      1,                 2.2721,                 5.6738,                 2.3396,                0.20596,                   0.24,                0.11796,                0.04745,                 2.3233,                 4.3506,                 2.4792,               0.078022,                2.2e-05,                2.2e-05
                      2,                 2.2254,                 4.2004,                 2.2809,                0.23643,                   0.21,                0.12492,                0.04286,                 2.3093,                 3.9254,                 2.4734,               0.055036,              3.609e-05,              3.609e-05
                      3,                 2.1885,                  3.388,                 2.2663,                0.23203,                   0.25,                 0.1308,                0.04276,                 2.2166,                 3.5412,                 2.3986,               0.032041,             4.1072e-05,             4.1072e-05
                      4,                 2.1599,                 3.2541,                 2.2659,                 0.3224,                   0.18,                0.12756,                0.04899,                  2.121,                 3.3589,                 2.3097,              0.0090369,             3.6946e-05,             3.6946e-05
                      5,                 2.1735,                  3.041,                 2.2733,                0.23003,                   0.24,                0.13878,                0.05479,                 2.0149,                 3.3746,                 2.2799,               2.08e-05,               2.08e-05,               2.08e-05
