                  epoch,         train/box_loss,         train/cls_loss,         train/dfl_loss,   metrics/precision(B),      metrics/recall(B),       metrics/mAP50(B),    metrics/mAP50-95(B),           val/box_loss,           val/cls_loss,           val/dfl_loss,                 lr/pg0,                 lr/pg1,                 lr/pg2
                      1,                 2.2907,                 2.9808,                 2.3791,                0.11375,                   0.24,                0.06052,                0.01207,                 2.9864,                 19.053,                 3.2826,               0.083371,               0.016629,               0.016629
                      2,                 2.0791,                 2.6366,                 2.1827,                0.40453,                  0.335,                 0.3688,                0.11735,                 2.2503,                 2.4444,                 2.3439,               0.060112,               0.026703,               0.026703
                      3,                 1.9538,                 2.4967,                 2.0727,                0.21958,                   0.47,                0.23195,                0.09991,                 1.7424,                 2.1324,                 2.0229,               0.030252,               0.030177,               0.030177
                      4,                 1.7888,                 2.3199,                 1.9075,                0.42766,                0.78473,                0.50374,                 0.2878,                 1.4317,                 1.6973,                 1.6981,                 0.0203,                 0.0203,                 0.0203
                      5,                 1.6292,                 2.1367,                 1.7593,                0.36265,                   0.67,                0.40114,                 0.2439,                 1.2975,                 1.7664,                 1.5802,                 0.0104,                 0.0104,                 0.0104
