                  epoch,         train/box_loss,         train/cls_loss,         train/dfl_loss,   metrics/precision(B),      metrics/recall(B),       metrics/mAP50(B),    metrics/mAP50-95(B),           val/box_loss,           val/cls_loss,           val/dfl_loss,                 lr/pg0,                 lr/pg1,                 lr/pg2
                      1,                 1.7669,                 2.5049,                 1.9372,                0.34151,                  0.485,                0.36045,                0.13682,                 2.2406,                  2.489,                 2.3177,               0.070068,              0.0033258,              0.0033258
                      2,                  1.602,                 2.2208,                 1.8098,                0.33369,                 0.6025,                0.36616,                0.14811,                 1.9909,                 2.7172,                 2.3742,               0.038749,              0.0053406,              0.0053406
                      3,                 1.4461,                 2.0103,                 1.6835,                0.41531,                0.70231,                0.44466,                0.27049,                  1.198,                 1.6082,                  1.582,              0.0061105,              0.0060355,              0.0060355
                      4,                  1.314,                 1.8697,                 1.5792,                0.44845,                0.89139,                0.51717,                0.35129,                0.96603,                 1.2853,                 1.3554,                0.00406,                0.00406,                0.00406
                      5,                 1.1758,                 1.7162,                 1.4891,                0.51194,                   0.94,                0.60124,                0.46751,                0.70333,                 1.0836,                 1.1561,                0.00208,                0.00208,                0.00208
