                  epoch,         train/box_loss,         train/cls_loss,         train/dfl_loss,   metrics/precision(B),      metrics/recall(B),       metrics/mAP50(B),    metrics/mAP50-95(B),           val/box_loss,           val/cls_loss,           val/dfl_loss,                 lr/pg0,                 lr/pg1,                 lr/pg2
                      1,                 3.3952,                 5.3858,                 3.5786,                0.19467,                0.32717,                0.15568,                0.03968,                 5.1814,                 19.275,                  5.835,               0.070068,              0.0033258,              0.0033258
                      2,                 3.2488,                 4.6821,                 3.4741,                0.02266,                 0.0425,                0.00795,                0.00204,                 6.0607,                 8.0014,                 7.4481,               0.038749,              0.0053406,              0.0053406
                      3,                 2.9537,                 4.2282,                  3.231,                0.40286,                0.37074,                0.24545,                0.12821,                  2.787,                 4.6661,                 3.3063,              0.0061105,              0.0060355,              0.0060355
                      4,                 2.6836,                 3.8706,                 3.0309,                 0.5725,                0.75142,                0.72589,                0.54523,                 1.5376,                 2.0072,                 2.3369,                0.00406,                0.00406,                0.00406
                      5,                 2.4471,                 3.5482,                  2.876,                0.71658,                 0.7925,                0.78577,                0.61553,                 1.3717,                 1.6324,                 2.2502,                0.00208,                0.00208,                0.00208
