                  epoch,         train/box_loss,         train/cls_loss,         train/dfl_loss,   metrics/precision(B),      metrics/recall(B),       metrics/mAP50(B),    metrics/mAP50-95(B),           val/box_loss,           val/cls_loss,           val/dfl_loss,                 lr/pg0,                 lr/pg1,                 lr/pg2
                      1,                 1.1962,                 1.9918,                 1.4963,                0.57164,                0.61745,                0.61924,                0.41459,                 1.2407,                 1.4511,                 1.5539,               0.067074,             0.00033258,             0.00033258
                      2,                 1.1157,                 1.5936,                  1.466,                0.89024,                 0.8925,                0.94743,                0.74268,                0.69052,                0.73811,                 1.1679,               0.033942,             0.00053406,             0.00053406
                      3,                 1.0442,                  1.457,                 1.4185,                0.94065,                 0.9325,                0.98043,                 0.7973,                0.63563,                0.55014,                 1.1317,             0.00067862,             0.00060355,             0.00060355
                      4,                0.95711,                 1.3483,                 1.3795,                0.90923,                 0.8638,                0.97817,                0.80894,                0.60507,                0.64372,                 1.1829,               0.000406,               0.000406,               0.000406
                      5,                0.88662,                 1.2375,                 1.3335,                0.97077,                0.96823,                0.98915,                0.89558,                0.40654,                0.34714,                0.97295,               0.000208,               0.000208,               0.000208
