                  epoch,         train/box_loss,         train/cls_loss,         train/dfl_loss,   metrics/precision(B),      metrics/recall(B),       metrics/mAP50(B),    metrics/mAP50-95(B),           val/box_loss,           val/cls_loss,           val/dfl_loss,                 lr/pg0,                 lr/pg1,                 lr/pg2
                      1,                  1.147,                 2.0962,                 1.4429,                0.62632,                 0.8425,                0.67733,                0.49962,                0.78089,                 1.3967,                 1.2435,               0.066775,             3.3258e-05,             3.3258e-05
                      2,                0.97794,                 1.6067,                 1.3656,                 0.9348,                 0.9475,                0.97673,                0.80775,                0.49454,                0.63834,                 1.0463,               0.033462,             5.3406e-05,             5.3406e-05
                      3,                0.89155,                 1.4154,                 1.3119,                0.96993,                   0.97,                0.99169,                0.85151,                0.46327,                0.49283,                 1.0078,             0.00013543,             6.0355e-05,             6.0355e-05
                      4,                0.84314,                  1.322,                 1.2812,                0.85636,                0.92411,                0.98541,                0.87282,                0.41424,                0.55034,                0.96782,               4.06e-05,               4.06e-05,               4.06e-05
                      5,                0.82771,                 1.2796,                 1.2712,                 0.9909,                0.97312,                0.99307,                 0.8834,                0.39772,                0.39401,                0.95117,               2.08e-05,               2.08e-05,               2.08e-05
