                  epoch,         train/box_loss,         train/cls_loss,         train/dfl_loss,   metrics/precision(B),      metrics/recall(B),       metrics/mAP50(B),    metrics/mAP50-95(B),           val/box_loss,           val/cls_loss,           val/dfl_loss,                 lr/pg0,                 lr/pg1,                 lr/pg2
                      1,                  1.076,                 1.9642,                 1.3804,                0.96422,                0.92396,                0.97668,                  0.815,                0.57662,                0.46856,                 1.0899,               0.070068,              0.0033258,              0.0033258
                      2,                0.94652,                 1.3508,                 1.2968,                0.92436,                 0.9175,                0.96932,                0.78152,                0.61835,                0.51327,                 1.1361,               0.038749,              0.0053406,              0.0053406
                      3,                 1.0099,                 1.3649,                 1.3333,                0.80715,                0.83726,                0.88612,                0.54322,                 1.1111,                0.88064,                 1.6082,              0.0061105,              0.0060355,              0.0060355
                      4,                 1.0186,                 1.3494,                 1.3367,                  0.962,                 0.9875,                0.98967,                 0.8414,                0.54334,                0.39086,                 1.0433,                0.00406,                0.00406,                0.00406
                      5,                 0.9257,                 1.1964,                 1.2771,                0.93081,                0.93505,                0.98217,                 0.8438,                0.53505,                0.44109,                 1.0584,                0.00208,                0.00208,                0.00208
