                  epoch,         train/box_loss,         train/cls_loss,         train/dfl_loss,   metrics/precision(B),      metrics/recall(B),       metrics/mAP50(B),    metrics/mAP50-95(B),           val/box_loss,           val/cls_loss,           val/dfl_loss,                 lr/pg0,                 lr/pg1,                 lr/pg2
                      1,                 3.0298,                 5.0625,                  3.306,                0.38617,                0.57298,                0.38852,                0.19573,                 2.9254,                 2.9875,                 3.5688,               0.068405,              0.0016629,              0.0016629
                      2,                 3.0391,                 4.4206,                 3.2928,                0.24245,                   0.16,                0.12804,                0.05775,                 4.4246,                 5.8118,                 5.4247,               0.036079,              0.0026703,              0.0026703
                      3,                 2.7917,                 4.0131,                 3.1273,                0.49723,                 0.7175,                0.59495,                0.36212,                 2.1935,                 2.2574,                 2.8754,              0.0030928,              0.0030177,              0.0030177
                      4,                  2.511,                 3.6803,                 2.9435,                0.73055,                0.71728,                0.81974,                0.58643,                 1.7102,                 1.6398,                  2.538,                0.00203,                0.00203,                0.00203
                      5,                 2.2857,                 3.3682,                 2.7998,                0.61998,                   0.82,                0.74939,                0.62665,                 1.1495,                 1.7564,                 2.0931,                0.00104,                0.00104,                0.00104
