                  epoch,         train/box_loss,         train/cls_loss,         train/dfl_loss,   metrics/precision(B),      metrics/recall(B),       metrics/mAP50(B),    metrics/mAP50-95(B),           val/box_loss,           val/cls_loss,           val/dfl_loss,                 lr/pg0,                 lr/pg1,                 lr/pg2
                      1,                 1.4604,                 2.1985,                 1.6501,                 0.2774,                   0.44,                  0.301,                0.13617,                 2.1578,                 6.1056,                  2.748,               0.068405,              0.0016629,              0.0016629
                      2,                   1.44,                 2.0254,                 1.6424,                 0.3158,                0.77581,                0.37186,                0.17426,                 1.5775,                 1.8152,                 1.8514,               0.036079,              0.0026703,              0.0026703
                      3,                 1.3218,                 1.8582,                 1.5607,                0.50815,                    0.9,                0.59482,                0.46523,                0.80238,                 1.0832,                 1.2124,              0.0030928,              0.0030177,              0.0030177
                      4,                 1.1903,                 1.7276,                 1.4739,                 0.7487,                 0.8827,                 0.8715,                0.65715,                0.78004,                0.89977,                 1.1988,                0.00203,                0.00203,                0.00203
                      5,                 1.0854,                   1.58,                 1.4032,                0.78016,                  0.835,                0.87297,                0.72591,                0.61316,                0.82539,                 1.0947,                0.00104,                0.00104,                0.00104
