                  epoch,         train/box_loss,         train/cls_loss,         train/dfl_loss,   metrics/precision(B),      metrics/recall(B),       metrics/mAP50(B),    metrics/mAP50-95(B),           val/box_loss,           val/cls_loss,           val/dfl_loss,                 lr/pg0,                 lr/pg1,                 lr/pg2
                      1,                 1.0415,                  1.659,                 1.3509,                0.85213,                 0.9172,                0.97245,                0.77452,                0.62637,                0.61932,                 1.1051,               0.066775,             3.3258e-05,             3.3258e-05
                      2,                0.90385,                 1.2803,                 1.2715,                0.95074,                0.96073,                0.98397,                0.83479,                0.50318,                0.44867,                 1.0476,               0.033462,             5.3406e-05,             5.3406e-05
                      3,                0.83855,                 1.1683,                  1.229,                0.95514,                0.94455,                0.99165,                 0.8823,                 0.4155,                0.38146,                0.97335,             0.00013543,             6.0355e-05,             6.0355e-05
                      4,                 0.7935,                 1.0898,                 1.2048,                0.97025,                0.97924,                0.99135,                0.90252,                0.38529,                0.30577,                0.95207,               4.06e-05,               4.06e-05,               4.06e-05
                      5,                0.76626,                 1.0351,                  1.183,                 0.9811,                0.97918,                 0.9928,                0.91884,                 0.3694,                0.28145,                0.92806,               2.08e-05,               2.08e-05,               2.08e-05
