                  epoch,         train/box_loss,         train/cls_loss,         train/dfl_loss,   metrics/precision(B),      metrics/recall(B),       metrics/mAP50(B),    metrics/mAP50-95(B),           val/box_loss,           val/cls_loss,           val/dfl_loss,                 lr/pg0,                 lr/pg1,                 lr/pg2
                      1,                 1.5627,                 3.5352,                 1.7119,                0.21706,                   0.11,                0.09367,                0.03071,                 2.4125,                 3.2243,                 2.6615,                0.07921,                0.00021,                0.00021
                      2,                 1.2632,                  1.482,                 1.5188,                0.53054,                0.61145,                  0.512,                0.23798,                 1.6464,                 2.3305,                 2.3121,               0.057345,             0.00034486,             0.00034486
                      3,                 1.0666,                 1.0975,                 1.3716,                0.66766,                   0.78,                0.76293,                0.52365,                 1.0349,                 1.4528,                 1.5139,               0.035393,              0.0003926,              0.0003926
                      4,                 1.0538,                 1.0197,                 1.3072,                0.90132,                   0.96,                0.95154,                0.68478,                0.92679,                0.97893,                 1.3849,               0.013353,             0.00035322,             0.00035322
                      5,                 1.0035,                0.90141,                 1.2909,                0.93301,                0.96774,                0.98137,                0.76527,                0.74264,                0.61358,                 1.2149,               0.000208,               0.000208,               0.000208
