                  epoch,         train/box_loss,         train/cls_loss,         train/dfl_loss,   metrics/precision(B),      metrics/recall(B),       metrics/mAP50(B),    metrics/mAP50-95(B),           val/box_loss,           val/cls_loss,           val/dfl_loss,                 lr/pg0,                 lr/pg1,                 lr/pg2
                      1,                  2.635,                 4.4781,                 2.7342,                0.50091,                   0.01,                0.00168,                0.00038,                 3.8691,                 4.2642,                 4.5504,                0.07723,                0.00023,                0.00023
                      2,                 2.2514,                 2.9842,                  2.463,                0.13864,                   0.03,                0.04449,                0.00948,                 2.6689,                 3.7142,                 3.6191,               0.053377,             0.00037694,             0.00037694
                      3,                 2.2302,                 2.7511,                 2.4692,                0.21698,                   0.12,                0.08882,                0.02069,                 2.5729,                 3.6029,                 3.3422,               0.029429,             0.00042884,             0.00042884
                      4,                 2.2334,                 2.6834,                 2.4837,                 0.1032,                   0.31,                 0.1097,                0.02419,                 2.4888,                 2.8876,                 3.0091,              0.0053857,              0.0003857,              0.0003857
                      5,                 2.1516,                 2.5826,                   2.44,                 0.4837,                 0.2758,                0.26069,                0.06695,                 2.4188,                 2.4679,                 2.8883,               0.000208,               0.000208,               0.000208
