                  epoch,         train/box_loss,         train/cls_loss,         train/dfl_loss,   metrics/precision(B),      metrics/recall(B),       metrics/mAP50(B),    metrics/mAP50-95(B),           val/box_loss,           val/cls_loss,           val/dfl_loss,                 lr/pg0,                 lr/pg1,                 lr/pg2
                      1,                 2.2176,                 2.8819,                 2.3637,                0.15367,                  0.535,                0.22715,                0.06954,                 2.3596,                 15.189,                 2.5985,               0.083371,               0.016629,               0.016629
                      2,                 1.9964,                 2.5808,                 2.1646,                0.35328,                   0.44,                0.32146,                0.14164,                 1.8248,                 1.9643,                 1.9928,               0.060112,               0.026703,               0.026703
                      3,                 1.8069,                 2.3762,                 2.0049,                0.34425,                 0.7875,                0.46069,                0.27047,                 1.3886,                 1.6342,                 1.6605,               0.030252,               0.030177,               0.030177
                      4,                  1.657,                 2.2199,                 1.8625,                0.42118,                0.74078,                0.47753,                0.28105,                 1.3219,                 1.5625,                 1.7319,                 0.0203,                 0.0203,                 0.0203
                      5,                 1.5114,                 2.0479,                 1.7403,                0.44263,                   0.94,                0.53058,                0.34635,                 1.1219,                 1.4553,                 1.4404,                 0.0104,                 0.0104,                 0.0104
