                  epoch,         train/box_loss,         train/cls_loss,         train/dfl_loss,   metrics/precision(B),      metrics/recall(B),       metrics/mAP50(B),    metrics/mAP50-95(B),           val/box_loss,           val/cls_loss,           val/dfl_loss,                 lr/pg0,                 lr/pg1,                 lr/pg2
                      1,                 1.4307,                 2.1649,                 1.6897,                0.52844,                  0.675,                0.64923,                 0.3197,                 1.5082,                 1.9476,                 1.9062,               0.068405,              0.0016629,              0.0016629
                      2,                  1.398,                 1.9696,                 1.6789,                0.43889,                 0.4725,                0.42137,                0.21314,                 1.7181,                  1.941,                 2.2703,               0.036079,              0.0026703,              0.0026703
                      3,                 1.2923,                 1.8106,                 1.6068,                0.60647,                   0.69,                0.58422,                0.29013,                 1.5766,                 1.6376,                 2.2637,              0.0030928,              0.0030177,              0.0030177
                      4,                 1.1716,                 1.6593,                 1.5285,                0.68142,                0.91771,                0.89795,                0.71611,                0.69246,                 1.0306,                 1.2344,                0.00203,                0.00203,                0.00203
                      5,                 1.0587,                 1.4862,                 1.4535,                0.83907,                0.91992,                0.96351,                0.80492,                0.58844,                0.69588,                 1.1346,                0.00104,                0.00104,                0.00104
