                  epoch,         train/box_loss,         train/cls_loss,         train/dfl_loss,   metrics/precision(B),      metrics/recall(B),       metrics/mAP50(B),    metrics/mAP50-95(B),           val/box_loss,           val/cls_loss,           val/dfl_loss,                 lr/pg0,                 lr/pg1,                 lr/pg2
                      1,                 1.5227,                 2.2506,                  1.709,                0.39758,                0.63599,                0.39938,                0.19877,                  1.668,                 1.8645,                 2.0228,               0.068405,              0.0016629,              0.0016629
                      2,                  1.472,                 2.0361,                  1.676,                0.47546,                0.84047,                0.52253,                 0.3638,                0.96019,                 1.4705,                 1.3269,               0.036079,              0.0026703,              0.0026703
                      3,                 1.3369,                 1.8936,                 1.5879,                0.22413,                 0.3087,                0.17305,                0.05324,                  2.599,                 2.9667,                 3.1905,              0.0030928,              0.0030177,              0.0030177
                      4,                 1.2057,                  1.745,                 1.4941,                0.57021,                0.78264,                0.63083,                 0.4117,                 1.0651,                 1.1717,                  1.472,                0.00203,                0.00203,                0.00203
                      5,                 1.0954,                 1.5803,                 1.4153,                0.73556,                0.91861,                0.87633,                0.73081,                0.59512,                0.83749,                   1.07,                0.00104,                0.00104,                0.00104
