                  epoch,         train/box_loss,         train/cls_loss,         train/dfl_loss,   metrics/precision(B),      metrics/recall(B),       metrics/mAP50(B),    metrics/mAP50-95(B),           val/box_loss,           val/cls_loss,           val/dfl_loss,                 lr/pg0,                 lr/pg1,                 lr/pg2
                      1,                 1.2365,                 1.9559,                 1.4711,                0.45505,                  0.675,                0.54332,                0.23674,                 1.8669,                 1.6457,                  2.182,               0.083371,               0.016629,               0.016629
                      2,                 1.4424,                 1.9408,                 1.6144,                0.47122,                0.70435,                0.57932,                0.34899,                 1.2359,                 1.4131,                  1.672,               0.060112,               0.026703,               0.026703
                      3,                 1.4725,                 1.9347,                 1.6447,                0.40416,                0.64188,                0.56949,                0.24721,                 1.9075,                 1.6368,                 2.2399,               0.030252,               0.030177,               0.030177
                      4,                 1.3605,                 1.7731,                 1.5692,                0.70022,                0.81957,                 0.8816,                0.56736,                 1.0915,                0.96442,                 1.5065,                 0.0203,                 0.0203,                 0.0203
                      5,                 1.1679,                 1.5721,                 1.4414,                 0.5448,                    0.9,                0.90062,                 0.7428,                0.61925,                 1.1821,                 1.0744,                 0.0104,                 0.0104,                 0.0104
