                  epoch,         train/box_loss,         train/cls_loss,         train/dfl_loss,   metrics/precision(B),      metrics/recall(B),       metrics/mAP50(B),    metrics/mAP50-95(B),           val/box_loss,           val/cls_loss,           val/dfl_loss,                 lr/pg0,                 lr/pg1,                 lr/pg2
                      1,                 2.1729,                 4.4948,                 2.7123,                0.69419,                 0.6635,                 0.7229,                0.55578,                 1.4645,                 2.1453,                 2.3283,               0.066775,             3.3258e-05,             3.3258e-05
                      2,                 1.9341,                 3.4478,                 2.5598,                 0.8382,                   0.76,                0.88393,                0.73921,                 1.0204,                  1.345,                 2.0269,               0.033462,             5.3406e-05,             5.3406e-05
                      3,                 1.7813,                 3.1014,                 2.4798,                0.83629,                  0.739,                0.90402,                0.80035,                0.84722,                 1.2701,                 1.8698,             0.00013543,             6.0355e-05,             6.0355e-05
                      4,                 1.6981,                 2.8986,                 2.4257,                 0.6671,                0.82327,                0.87371,                0.78127,                0.84605,                 1.5094,                 1.9027,               4.06e-05,               4.06e-05,               4.06e-05
                      5,                 1.6585,                 2.8002,                  2.401,                0.81532,                  0.853,                0.93145,                0.84012,                 0.8097,                 1.0028,                 1.8644,               2.08e-05,               2.08e-05,               2.08e-05
