                  epoch,         train/box_loss,         train/cls_loss,         train/dfl_loss,   metrics/precision(B),      metrics/recall(B),       metrics/mAP50(B),    metrics/mAP50-95(B),           val/box_loss,           val/cls_loss,           val/dfl_loss,                 lr/pg0,                 lr/pg1,                 lr/pg2
                      1,                 1.2705,                 2.7371,                 1.5043,                0.66073,                 0.8675,                0.81065,                0.64723,                0.61208,                0.94345,                 1.1136,               0.067074,             0.00033258,             0.00033258
                      2,                0.93633,                 1.5235,                 1.2959,                0.94718,                0.90803,                 0.9782,                0.86219,                0.44519,                0.46351,                0.98467,               0.033942,             0.00053406,             0.00053406
                      3,                0.85344,                 1.2753,                 1.2446,                0.90476,                0.91986,                0.98522,                0.84643,                0.46126,                 0.4575,                 1.0112,             0.00067862,             0.00060355,             0.00060355
                      4,                0.81049,                 1.1789,                 1.2163,                0.96371,                0.94854,                0.98372,                0.87368,                0.44919,                0.36201,                0.99728,               0.000406,               0.000406,               0.000406
                      5,                0.78232,                 1.1155,                 1.1935,                0.97655,                0.97383,                0.98769,                0.91702,                0.35343,                 0.2847,                0.91433,               0.000208,               0.000208,               0.000208
