                  epoch,         train/box_loss,         train/cls_loss,         train/dfl_loss,   metrics/precision(B),      metrics/recall(B),       metrics/mAP50(B),    metrics/mAP50-95(B),           val/box_loss,           val/cls_loss,           val/dfl_loss,                 lr/pg0,                 lr/pg1,                 lr/pg2
                      1,                 2.6824,                 4.6338,                 2.7257,                0.00061,                   0.23,                0.00072,                0.00018,                 3.3467,                 4.1269,                 3.9237,               0.077023,                2.3e-05,                2.3e-05
                      2,                 2.2854,                 3.0882,                 2.3931,                 0.0035,                   0.55,                 0.0075,                0.00158,                 2.9838,                  3.716,                 3.3491,               0.053038,             3.7694e-05,             3.7694e-05
                      3,                 2.1989,                  2.823,                 2.3116,                0.14712,                   0.11,                0.10922,                0.02646,                 2.6737,                  2.858,                  2.881,               0.029043,             4.2884e-05,             4.2884e-05
                      4,                 2.1584,                  2.828,                 2.3203,                0.24175,                0.14112,                0.18216,                0.03948,                 2.4973,                 2.6035,                 2.7278,              0.0050386,              3.857e-05,              3.857e-05
                      5,                 2.0734,                 2.7251,                 2.2701,                0.25031,                   0.26,                0.17805,                0.03964,                 2.4581,                 2.5348,                 2.7113,               2.08e-05,               2.08e-05,               2.08e-05
