                  epoch,         train/box_loss,         train/cls_loss,         train/dfl_loss,   metrics/precision(B),      metrics/recall(B),       metrics/mAP50(B),    metrics/mAP50-95(B),           val/box_loss,           val/cls_loss,           val/dfl_loss,                 lr/pg0,                 lr/pg1,                 lr/pg2
                      1,                 1.1112,                 2.1436,                 1.4039,                 0.9261,                0.91238,                 0.9834,                0.82993,                0.52343,                0.47729,                 1.0783,               0.068405,              0.0016629,              0.0016629
                      2,                0.87461,                 1.2924,                 1.2622,                0.91785,                0.92836,                0.97366,                0.83798,                  0.525,                0.45873,                 1.0361,               0.036079,              0.0026703,              0.0026703
                      3,                0.89579,                  1.249,                 1.2686,                0.95149,                0.95851,                0.99048,                0.82511,                0.56423,                0.44162,                 1.0808,              0.0030928,              0.0030177,              0.0030177
                      4,                0.89886,                 1.2149,                 1.2664,                0.97226,                   0.96,                0.98268,                0.84661,                 0.5269,                0.36536,                 1.0564,                0.00203,                0.00203,                0.00203
                      5,                0.82204,                 1.1179,                 1.2215,                0.97417,                0.97141,                0.98865,                0.90438,                 0.3959,                0.31285,                0.95261,                0.00104,                0.00104,                0.00104
