                  epoch,         train/box_loss,         train/cls_loss,         train/dfl_loss,   metrics/precision(B),      metrics/recall(B),       metrics/mAP50(B),    metrics/mAP50-95(B),           val/box_loss,           val/cls_loss,           val/dfl_loss,                 lr/pg0,                 lr/pg1,                 lr/pg2
                      1,                 2.4098,                  5.954,                 2.3595,                      0,                      0,                      0,                      0,                    nan,                    nan,                    nan,                 0.0811,                 0.0021,                 0.0021
                      2,                  2.633,                 2.9682,                 2.7992,                      0,                      0,                      0,                      0,                    nan,                    nan,                    nan,               0.060449,              0.0034486,              0.0034486
                      3,                 2.4562,                 2.5299,                 2.6297,                      0,                      0,                      0,                      0,                    nan,                    nan,                    nan,               0.038926,               0.003926,               0.003926
                      4,                 2.3168,                 2.3635,                 2.5025,                      0,                      0,                      0,                      0,                 1.2356,                    inf,                 8.7317,               0.016532,              0.0035322,              0.0035322
                      5,                 2.1469,                  2.262,                 2.3826,                      0,                      0,                      0,                      0,                  5.455,                    inf,                 36.783,                0.00208,                0.00208,                0.00208
