                  epoch,         train/box_loss,         train/cls_loss,         train/dfl_loss,   metrics/precision(B),      metrics/recall(B),       metrics/mAP50(B),    metrics/mAP50-95(B),           val/box_loss,           val/cls_loss,           val/dfl_loss,                 lr/pg0,                 lr/pg1,                 lr/pg2
                      1,                 1.1676,                 1.9807,                 1.4523,                0.75014,                0.81643,                0.88441,                0.66456,                 0.7497,                 1.1139,                 1.2064,               0.066908,             0.00016629,             0.00016629
                      2,                 1.0314,                 1.5184,                 1.4038,                0.92899,                   0.91,                0.96578,                0.77323,                0.61808,                0.72484,                 1.1127,               0.033675,             0.00026703,             0.00026703
                      3,                0.96012,                 1.3729,                 1.3596,                0.94692,                 0.9475,                0.98884,                0.83288,                0.54701,                0.48836,                 1.0585,             0.00037685,             0.00030177,             0.00030177
                      4,                0.89669,                 1.2638,                 1.3184,                0.97532,                0.97332,                0.99116,                0.85917,                0.50094,                0.40529,                 1.0397,               0.000203,               0.000203,               0.000203
                      5,                0.83474,                 1.1905,                 1.2855,                0.95708,                   0.98,                0.99265,                0.89643,                 0.3954,                0.33371,                0.94331,               0.000104,               0.000104,               0.000104
