                  epoch,         train/box_loss,         train/cls_loss,         train/dfl_loss,   metrics/precision(B),      metrics/recall(B),       metrics/mAP50(B),    metrics/mAP50-95(B),           val/box_loss,           val/cls_loss,           val/dfl_loss,                 lr/pg0,                 lr/pg1,                 lr/pg2
                      1,                 2.1598,                 2.9179,                 2.4303,                0.09686,                  0.165,                 0.0608,                0.01508,                 2.6814,                 3.8894,                 4.4794,               0.083371,               0.016629,               0.016629
                      2,                 1.9211,                 2.6505,                 2.2758,                0.18523,                  0.495,                0.15923,                0.04403,                 1.9564,                 5.2146,                 3.0675,               0.060112,               0.026703,               0.026703
                      3,                 1.7238,                 2.4366,                 2.0808,                0.22022,                 0.1425,                0.15025,                0.05838,                 1.6076,                  15.83,                 2.2536,               0.030252,               0.030177,               0.030177
                      4,                  1.589,                 2.2715,                   1.92,                0.44042,                0.72242,                0.50095,                0.29154,                  1.289,                 1.7136,                 1.8257,                 0.0203,                 0.0203,                 0.0203
                      5,                 1.4487,                 2.0788,                 1.7756,                0.48483,                 0.7425,                0.53469,                0.36135,                 0.9392,                 1.5926,                 1.5111,                 0.0104,                 0.0104,                 0.0104
