                  epoch,         train/box_loss,         train/cls_loss,         train/dfl_loss,   metrics/precision(B),      metrics/recall(B),       metrics/mAP50(B),    metrics/mAP50-95(B),           val/box_loss,           val/cls_loss,           val/dfl_loss,                 lr/pg0,                 lr/pg1,                 lr/pg2
                      1,                 1.5505,                 3.6047,                 1.6934,                0.19659,                0.21649,                0.17725,                0.05547,                 2.2498,                 2.9163,                 2.4566,               0.079021,                2.1e-05,                2.1e-05
                      2,                 1.1218,                 1.5729,                  1.414,                0.55899,                0.68686,                0.49424,                0.21179,                 1.4957,                  2.353,                 1.8265,               0.057034,             3.4486e-05,             3.4486e-05
                      3,                0.93099,                 1.1022,                 1.2615,                0.60905,                0.71566,                0.74504,                0.52129,                0.87727,                 1.5999,                 1.3507,               0.035039,              3.926e-05,              3.926e-05
                      4,                0.93107,                0.93948,                 1.2476,                0.81185,                 0.8597,                0.90449,                0.72943,                 0.6646,                 0.7577,                 1.1611,               0.013035,             3.5322e-05,             3.5322e-05
                      5,                0.90406,                0.87159,                 1.2534,                0.94268,                 0.9608,                0.98399,                 0.8238,                0.55898,                0.51341,                 1.0789,               2.08e-05,               2.08e-05,               2.08e-05
