                  epoch,         train/box_loss,         train/cls_loss,         train/dfl_loss,   metrics/precision(B),      metrics/recall(B),       metrics/mAP50(B),    metrics/mAP50-95(B),           val/box_loss,           val/cls_loss,           val/dfl_loss,                 lr/pg0,                 lr/pg1,                 lr/pg2
                      1,                 2.3972,                 4.4488,                 2.8746,                0.61465,                0.60599,                0.69331,                0.45399,                 2.1334,                 2.3865,                 2.8502,               0.067074,             0.00033258,             0.00033258
                      2,                 2.3956,                  3.602,                 2.8737,                0.65004,                0.77178,                0.75111,                0.55117,                 1.5475,                 2.0184,                 2.3005,               0.033942,             0.00053406,             0.00053406
                      3,                 2.2852,                 3.3112,                 2.7992,                0.84884,                 0.8625,                0.94096,                0.70364,                 1.5776,                 1.2207,                 2.3294,             0.00067862,             0.00060355,             0.00060355
                      4,                 2.1023,                 3.0497,                 2.6955,                 0.8421,                 0.8483,                0.91542,                0.75156,                  1.258,                 1.1256,                 2.2231,               0.000406,               0.000406,               0.000406
                      5,                 1.9239,                 2.7703,                 2.5902,                0.94286,                0.92634,                0.97998,                0.85932,                  0.945,                0.70088,                  1.985,               0.000208,               0.000208,               0.000208
